id,tid,name,start_ts,end_ts,upid,is_main_thread,machine_id
0,0,swapper,,,0,1,
1,1,,,,1,1,
2,63,,,,2,1,
3,64,,,,3,1,
4,117,,,,4,1,
5,121,,,,5,1,
6,123,,,,6,1,
7,124,,,,7,1,
8,125,,,,8,1,
9,127,,,,9,1,
10,132,,,,10,1,
11,145,,,,11,1,
12,146,,,,12,1,
13,147,,,,13,1,
14,148,,,,14,1,
15,179,,,,15,1,
16,324,,,,16,1,
17,327,,,,17,1,
18,328,,,,18,1,
19,329,,,,19,1,
20,336,,,,20,1,
21,337,,,,21,1,
22,338,,,,22,1,
23,339,,,,23,1,
24,340,,,,24,1,
25,341,,,,25,1,
26,342,,,,26,1,
27,343,,,,27,1,
28,344,,,,28,1,
29,345,,,,29,1,
30,346,,,,30,1,
31,347,,,,31,1,
32,348,,,,32,1,
33,349,,,,33,1,
34,350,,,,34,1,
35,351,,,,35,1,
36,352,,,,36,1,
37,354,,,,37,1,
38,357,,,,38,1,
39,358,,,,39,1,
40,359,,,,40,1,
41,363,,,,41,1,
42,364,,,,42,1,
43,365,,,,43,1,
44,366,,,,44,1,
45,367,,,,45,1,
46,368,,,,46,1,
47,370,,,,47,1,
48,373,,,,48,1,
49,374,,,,49,1,
50,381,,,,50,1,
51,387,,,,51,1,
52,391,,,,52,1,
53,408,,,,53,1,
54,409,,,,54,1,
55,410,,,,55,1,
56,412,,,,56,1,
57,422,,,,57,1,
58,428,,,,58,1,
59,430,,,,59,1,
60,431,,,,60,1,
61,432,,,,61,1,
62,433,,,,62,1,
63,435,,,,63,1,
64,437,,,,64,1,
65,440,,,,65,1,
66,441,,,,66,1,
67,442,,,,67,1,
68,443,,,,68,1,
69,535,,,,69,1,
70,856,,,,70,1,
71,857,,,,71,1,
72,891,,,,72,1,
73,939,,,,73,1,
74,948,,,,74,1,
75,968,,,,75,1,
76,1061,,,,76,1,
77,1076,,,,77,1,
78,1143,,,,78,1,
79,1379,,,,79,1,
80,1388,,,,80,1,
81,1405,,,,81,1,
82,1426,,,,82,1,
83,1519,,,,83,1,
84,1768,,,,84,1,
85,3526,,,,85,1,
86,3848,,,,86,1,
87,5045,,,,87,1,
88,5164,,,,88,1,
89,5204,,,,89,1,
90,5437,,,,90,1,
91,5782,,,,91,1,
92,6143,,,,92,1,
93,10358,,,,93,1,
94,10536,,,,94,1,
95,10802,,,,95,1,
96,11586,,,,96,1,
97,13002,,,,97,1,
98,13135,,,,98,1,
99,13147,,,,99,1,
100,13182,,,,100,1,
101,13206,,,,101,1,
102,13259,,,,102,1,
103,13273,,,,103,1,
104,13391,,,,104,1,
105,14204,,,,105,1,
106,15006,,,,106,1,
107,15638,,,,107,1,
108,15986,,,,108,1,
109,16024,,,,109,1,
110,16045,,,,110,1,
111,16128,,,,111,1,
112,16351,,,,112,1,
113,16353,,,,113,1,
114,16356,,,,114,1,
115,16373,,,,115,1,
116,16380,,,,116,1,
117,16409,,,,117,1,
118,16446,,,,118,1,
119,16857,,,,119,1,
120,16858,,,,120,1,
121,16864,,,,121,1,
122,16867,,,,122,1,
123,16869,,,,123,1,
124,16461,,,,117,0,
125,16442,,,,117,0,
126,16415,,,,117,0,
127,16416,,,,117,0,
128,16908,,,,124,1,
129,16423,,,,117,0,
130,16938,,,,117,0,
