utid,id,tid,name,start_ts,end_ts,upid,is_main_thread,machine_id
0,0,0,swapper,,,0.0,1.0,
1,1,196,logd.writer,,,11.0,0.0,
2,2,5353,logd.reader.per,,,11.0,0.0,
3,3,363,logd.reader.per,,,11.0,0.0,
4,4,393,traced,,,17.0,1.0,
5,5,391,traced_probes,,,16.0,1.0,
6,6,360,logcat,,,12.0,1.0,
7,7,5351,logcat,,,22.0,1.0,
8,8,5352,shell svc 5351,,,15.0,0.0,
9,9,388,adbd,,,15.0,1.0,
10,10,413,adbd,,,15.0,0.0,
11,11,412,adbd,,,15.0,0.0,
12,12,199,logd.klogd,,,11.0,0.0,
13,13,373,,,,14.0,0.0,
14,14,10,rcu_preempt,,,3.0,1.0,
15,15,1033,bluetooth@1.1-s,,,21.0,0.0,
16,16,371,sensors@2.1-ser,,,13.0,0.0,
17,17,578,SensorService,,,19.0,0.0,
18,18,532,android.ui,,,19.0,0.0,
19,19,26,ksoftirqd/3,,,7.0,1.0,
20,20,21,ksoftirqd/2,,,6.0,1.0,
21,21,9,ksoftirqd/0,,,2.0,1.0,
22,22,16,ksoftirqd/1,,,5.0,1.0,
23,23,12,kworker/0:1,,,4.0,1.0,
24,24,1031,HwBinder:652_1,,,20.0,0.0,
25,25,1035,bt_main_thread,,,20.0,0.0,
26,26,128,sugov:0,,,8.0,1.0,
27,27,869,BT Service Call,,,20.0,0.0,
28,28,132,sugov:3,,,9.0,1.0,
29,29,2,,,,1.0,1.0,
30,30,1,init,,,10.0,1.0,
31,31,188,,,,11.0,1.0,
32,32,327,,,,13.0,1.0,
33,33,319,,,,14.0,1.0,
34,34,303,main,,,18.0,1.0,
35,35,514,Binder:514_3,,,19.0,1.0,
36,36,652,droid.bluetooth,,,20.0,1.0,
37,37,307,,,,21.0,1.0,
38,38,919,m.android.phone,,,26.0,1.0,
39,39,4461,Binder:514_19,,,19.0,0.0,
40,40,430,kworker/3:3,,,25.0,1.0,
41,41,93,kworker/1:1,,,23.0,1.0,
42,42,399,kworker/2:3,,,24.0,1.0,
43,43,5355,sh,445176774794.0,,27.0,1.0,
44,44,5356,shell svc 5355,445177360169.0,,15.0,0.0,
45,45,826,gnss@2.0-servic,,,29.0,0.0,
46,46,650,wpa_supplicant,,,28.0,1.0,
47,47,370,sensors@2.1-ser,,,13.0,0.0,
48,48,778,,,,29.0,1.0,
49,49,1416,kworker/u8:2,,,30.0,1.0,
50,50,552,Thread-5,,,19.0,0.0,
51,51,4145,RxSchedulerPurg,,,31.0,0.0,
52,52,4102,,,,31.0,1.0,
53,53,129,sugov:1,,,32.0,1.0,
54,54,5357,sh,445706125794.0,,33.0,1.0,
55,55,5358,shell svc 5357,445706515836.0,,15.0,0.0,
56,56,636,Thread-9,,,19.0,0.0,
57,57,1446,Binder:1424_2,,,36.0,0.0,
58,58,1424,putmethod.latin,,,36.0,1.0,
59,59,1589,queued-work-loo,,,36.0,0.0,
60,60,220,jbd2/dm-5-8,,,35.0,1.0,
61,61,143,kworker/0:1H,,,34.0,1.0,
62,62,5359,sh,446225477295.0,,37.0,1.0,
63,63,5360,shell svc 5359,446225886295.0,,15.0,0.0,
64,64,131,sugov:2,,,38.0,1.0,
65,65,5361,sh,446755145962.0,,39.0,1.0,
66,66,5362,shell svc 5361,446755706920.0,,15.0,0.0,
67,67,589,InputReader,,,19.0,0.0,
68,68,588,InputDispatcher,,,19.0,0.0,
69,69,665,ndroid.systemui,,,43.0,1.0,
70,70,4326,xsoh.etar.debug,,,41.0,1.0,
71,71,410,Binder:344_2,,,40.0,0.0,
72,72,553,PowerManagerSer,,,19.0,0.0,
73,73,511,Binder:344_3,,,40.0,0.0,
74,74,190,servicemanager,,,42.0,1.0,
75,75,4096,Binder:919_10,,,26.0,0.0,
76,76,4339,Jit thread pool,,,41.0,0.0,
77,77,4354,RenderThread,,,41.0,0.0,
78,78,344,surfaceflinger,,,40.0,1.0,
79,79,459,surfaceflinger,,,40.0,0.0,
80,80,461,app,,,40.0,0.0,
81,81,457,DispSync,,,40.0,0.0,
82,82,377,HwBinder:319_1,,,14.0,0.0,
83,83,455,HwBinder:344_1,,,40.0,0.0,
84,84,408,surfaceflinger,,,40.0,0.0,
85,85,462,sf,,,40.0,0.0,
86,86,464,surfaceflinger,,,40.0,0.0,
87,87,463,surfaceflinger,,,40.0,0.0,
88,88,729,statsd.writer,,,44.0,0.0,
89,89,309,Binder:301_2,,,44.0,0.0,
90,90,301,,,,44.0,1.0,
91,91,4351,Profile Saver,,,41.0,0.0,
92,92,534,android.display,,,19.0,0.0,
93,93,1378,Binder:426_1,,,45.0,0.0,
94,94,426,Binder:426_2,,,45.0,1.0,
95,95,535,android.anim,,,19.0,0.0,
96,96,5363,Binder:426_1,446932426837.0,,45.0,0.0,
97,97,5364,Binder:426_1,446932552253.0,,45.0,0.0,
98,98,5365,Binder:426_1,446932592420.0,,45.0,0.0,
99,99,5366,Binder:426_1,446932660753.0,,45.0,0.0,
100,100,5367,Binder:426_1,446932702920.0,,45.0,0.0,
101,101,4324,Binder:426_1,,,45.0,0.0,
102,102,1464,LazyTaskWriterT,,,19.0,0.0,
103,103,5317,Binder:4326_C,,,41.0,0.0,
104,104,539,android.bg,,,19.0,0.0,
105,105,4505,Binder:4326_5,,,41.0,0.0,
106,106,4468,Binder:665_C,,,43.0,0.0,
107,107,1047,Binder:665_5,,,43.0,0.0,
108,108,3354,Binder:1067_6,,,50.0,0.0,
109,109,1067,s.nexuslauncher,,,50.0,1.0,
110,110,4353,queued-work-loo,,,41.0,0.0,
111,111,5298,Thread-10,,,,,
112,112,5368,RenderThread,446958547170.0,,41.0,0.0,
113,113,3655,Binder:514_14,,,19.0,0.0,
114,114,540,ActivityManager,,,19.0,0.0,
115,115,318,allocator@3.0-s,,,47.0,1.0,
116,116,441,ImageManager,,,40.0,0.0,
117,117,5369,IntentService[A,446997016753.0,,41.0,0.0,
118,118,991,Binder:344_4,,,40.0,0.0,
119,119,536,android.anim.lf,,,19.0,0.0,
120,120,1012,pool-3-thread-1,,,43.0,0.0,
121,121,686,Binder:514_5,,,19.0,0.0,
122,122,189,lmkd,,,46.0,1.0,
123,123,2123,viders.calendar,,,52.0,1.0,
124,124,545,OomAdjuster,,,19.0,0.0,
125,125,4976,Binder:2123_7,,,52.0,0.0,
126,126,606,WifiHandlerThre,,,19.0,0.0,
127,127,385,audioserver,,,49.0,1.0,
128,128,531,android.fg,,,19.0,0.0,
129,129,678,Binder:652_1,,,20.0,0.0,
130,130,679,Binder:652_2,,,20.0,0.0,
131,131,2856,Binder:950_D,,,53.0,0.0,
132,132,1539,Binder:420_6,,,51.0,0.0,
133,133,604,tworkPolicy.uid,,,19.0,0.0,
134,134,465,Binder:385_1,,,49.0,0.0,
135,135,340,,,,48.0,1.0,
136,136,420,,,,51.0,1.0,
137,137,950,.gms.persistent,,,53.0,1.0,
138,138,2395,GoogleLocationS,,,53.0,0.0,
139,139,792,Binder:420_4,,,51.0,0.0,
140,140,357,Binder:302_2,,,54.0,0.0,
141,141,1481,HeapTaskDaemon,,,55.0,0.0,
142,142,1482,ReferenceQueueD,,,55.0,0.0,
143,143,1483,FinalizerDaemon,,,55.0,0.0,
144,144,1484,FinalizerWatchd,,,55.0,0.0,
145,145,397,Binder:344_1,,,40.0,0.0,
146,146,5370,IntentService[A,447030880712.0,,41.0,0.0,
147,147,1460,ExUtils-P11-1,,,36.0,0.0,
148,148,1703,MetricsManager,,,36.0,0.0,
149,149,5371,IntentService[A,447049096795.0,,41.0,0.0,
150,150,1132,UiThreadHelper,,,50.0,0.0,
151,151,5035,Binder:514_1C,,,19.0,0.0,
152,152,4787,,,,60.0,1.0,
153,153,4366,,,,58.0,1.0,
154,154,4417,,,,59.0,1.0,
155,155,1565,,,,56.0,1.0,
156,156,2552,,,,57.0,1.0,
157,157,4747,Binder:2123_6,,,52.0,0.0,
158,158,302,,,,54.0,1.0,
159,159,1467,,,,55.0,1.0,
160,160,5372,sh,447277878628.0,,61.0,1.0,
161,161,5373,shell svc 5372,447278658045.0,,15.0,0.0,
162,162,333,wifi@1.0-servic,,,62.0,1.0,
163,163,647,wifi@1.0-servic,,,62.0,0.0,
164,164,434,wificond,,,63.0,1.0,
165,165,4071,Binder:665_9,,,43.0,0.0,
166,166,1223,Binder:344_5,,,40.0,0.0,
167,167,639,TaskSnapshotPer,,,19.0,0.0,
168,168,191,hwservicemanage,,,64.0,1.0,
169,169,5374,sh,447800889920.0,,65.0,1.0,
170,170,5375,shell svc 5374,447801197712.0,,15.0,0.0,
171,171,620,AudioService,,,19.0,0.0,
172,172,618,AS.SfxWorker,,,19.0,0.0,
173,173,619,TimeCheckThread,,,49.0,0.0,
174,174,564,Binder:431_4,,,70.0,0.0,
175,175,477,AudioOut_D,,,49.0,0.0,
176,176,5376,IntentService[A,447934326629.0,,41.0,0.0,
177,177,4318,AudioTrack,,,19.0,0.0,
178,178,448,MediaLogNotifie,,,49.0,0.0,
179,179,387,Binder:340_1,,,48.0,0.0,
180,180,386,MergeThread,,,48.0,0.0,
181,181,3007,HwBinder:305_3,,,71.0,0.0,
182,182,4346,HwBinder:305_3,,,71.0,0.0,
183,183,5377,HwBinder:305_3,447936726170.0,,71.0,0.0,
184,184,11,migration/0,,,66.0,1.0,
185,185,15,migration/1,,,67.0,1.0,
186,186,25,migration/3,,,69.0,1.0,
187,187,20,migration/2,,,68.0,1.0,
188,188,431,,,,70.0,1.0,
189,189,305,,,,71.0,1.0,
190,190,5378,SoundPool_6,448005556046.0,,19.0,0.0,
191,191,5379,sh,448326231296.0,,72.0,1.0,
192,192,5380,shell svc 5379,448326802879.0,,15.0,0.0,
193,193,224,suspend@1.0-ser,,,73.0,1.0,
194,194,452,ApmOutput,,,49.0,0.0,
195,195,141,kworker/1:1H,,,75.0,1.0,
196,196,4561,RenderThread,,,19.0,0.0,
197,197,689,HeapTaskDaemon,,,43.0,0.0,
198,198,1087,HeapTaskDaemon,,,50.0,0.0,
199,199,5381,IntentService[A,448836263629.0,,41.0,0.0,
200,200,5382,sh,448852709879.0,,74.0,1.0,
201,201,1088,ReferenceQueueD,,,50.0,0.0,
202,202,5383,Thread-11,448853653296.0,,41.0,0.0,
203,203,1089,FinalizerDaemon,,,50.0,0.0,
204,204,1090,FinalizerWatchd,,,50.0,0.0,
205,205,5384,shell svc 5382,448854580421.0,,15.0,0.0,
206,206,616,onProviders.ECP,,,19.0,0.0,
207,207,690,ReferenceQueueD,,,43.0,0.0,
208,208,1207,RenderThread,,,43.0,0.0,
209,209,691,FinalizerDaemon,,,43.0,0.0,
210,210,2727,Binder:514_11,,,19.0,0.0,
211,211,692,FinalizerWatchd,,,43.0,0.0,
212,212,1727,Thread-4,,,77.0,0.0,
213,213,473,fingerprint@2.1,,,76.0,0.0,
214,214,2153,HeapTaskDaemon,,,52.0,0.0,
215,215,2154,ReferenceQueueD,,,52.0,0.0,
216,216,5203,Binder:4326_9,,,41.0,0.0,
217,217,4629,Binder:4326_6,,,41.0,0.0,
218,218,4348,Binder:4326_3,,,41.0,0.0,
219,219,5311,Binder:4326_B,,,41.0,0.0,
220,220,4349,Binder:4326_4,,,41.0,0.0,
221,221,4917,Binder:4326_8,,,41.0,0.0,
222,222,5255,Binder:4326_A,,,41.0,0.0,
223,223,4344,Binder:4326_1,,,41.0,0.0,
224,224,5256,Binder:4639_8,,,78.0,0.0,
225,225,4979,Binder:4639_6,,,78.0,0.0,
226,226,2155,FinalizerDaemon,,,52.0,0.0,
227,227,4345,Binder:4326_2,,,41.0,0.0,
228,228,2156,FinalizerWatchd,,,52.0,0.0,
229,229,469,,,,76.0,1.0,
230,230,1500,,,,77.0,1.0,
231,231,4639,ndroid.calendar,,,78.0,1.0,
232,232,5385,sh,449375459254.0,,79.0,1.0,
233,233,5386,shell svc 5385,449375888254.0,,15.0,0.0,
234,234,888,SysUiBg,,,43.0,0.0,
235,235,1233,Binder:665_6,,,43.0,0.0,
236,236,4091,Binder:665_A,,,43.0,0.0,
237,237,4709,Binder:665_10,,,43.0,0.0,
238,238,4705,Binder:665_F,,,43.0,0.0,
239,239,700,Binder:665_4,,,43.0,0.0,
240,240,3983,Binder:665_8,,,43.0,0.0,
241,241,4100,Binder:665_B,,,43.0,0.0,
242,242,4636,Binder:665_E,,,43.0,0.0,
243,243,699,Binder:665_3,,,43.0,0.0,
244,244,1263,Binder:665_7,,,43.0,0.0,
245,245,693,Binder:665_1,,,43.0,0.0,
246,246,4635,Binder:665_D,,,43.0,0.0,
247,247,696,Binder:665_2,,,43.0,0.0,
248,248,541,ActivityManager,,,19.0,0.0,
249,249,1737,earchbox:search,,,80.0,1.0,
250,250,2699,Binder:1737_6,,,80.0,0.0,
251,251,1951,Binder:1737_4,,,80.0,0.0,
252,252,2287,Binder:1737_5,,,80.0,0.0,
253,253,4822,HeapTaskDaemon,,,,,
254,254,4823,ReferenceQueueD,,,,,
255,255,4824,FinalizerDaemon,,,,,
256,256,4825,FinalizerWatchd,,,,,
257,257,4821,Jit thread pool,,,,,
258,258,1919,SharedPreferenc,,,80.0,0.0,
259,259,2289,TimerThread0,,,80.0,0.0,
260,260,2288,EventBus0,,,80.0,0.0,
261,261,1989,Lite Thread #1,,,80.0,0.0,
262,262,1912,Scheduler Threa,,,80.0,0.0,
263,263,5387,Blocking Thread,449877200255.0,,80.0,0.0,
264,264,5388,Blocking Thread,449880501296.0,,80.0,0.0,
265,265,5389,Blocking Thread,449881168088.0,,80.0,0.0,
266,266,1985,BG Thread #2,,,80.0,0.0,
267,267,5390,gearhead:shared,449883758755.0,,81.0,1.0,
268,268,5391,Jit thread pool,449884310463.0,,18.0,0.0,
269,269,5392,HeapTaskDaemon,449884388796.0,,18.0,0.0,
270,270,5393,ReferenceQueueD,449884437880.0,,18.0,0.0,
271,271,5394,FinalizerDaemon,449885318421.0,,18.0,0.0,
272,272,5395,FinalizerWatchd,449885413880.0,,18.0,0.0,
273,273,1986,BG Thread #3,,,80.0,0.0,
274,274,5396,Runtime worker ,449889717171.0,,81.0,0.0,
275,275,5397,Runtime worker ,449889755505.0,,81.0,0.0,
276,276,5398,Runtime worker ,449889795796.0,,81.0,0.0,
277,277,1984,BG Thread #1,,,80.0,0.0,
278,278,5399,Runtime worker ,449889832671.0,,81.0,0.0,
279,279,5400,Signal Catcher,449890029255.0,,81.0,0.0,
280,280,1983,Lite Thread #0,,,80.0,0.0,
281,281,5401,perfetto_hprof_,449890470921.0,,81.0,0.0,
282,282,2591,UserFacingBlock,,,80.0,0.0,
283,283,5402,ADB-JDWP Connec,449891016046.0,,81.0,0.0,
284,284,407,jdwp control,,,15.0,0.0,
285,285,5403,Jit thread pool,449891165713.0,,81.0,0.0,
286,286,5404,HeapTaskDaemon,449891222005.0,,81.0,0.0,
287,287,5405,ReferenceQueueD,449891246296.0,,81.0,0.0,
288,288,5406,FinalizerDaemon,449891273713.0,,81.0,0.0,
289,289,5407,FinalizerWatchd,449891301546.0,,81.0,0.0,
290,290,5408,Binder:5390_1,449891753296.0,,81.0,0.0,
291,291,5409,Binder:426_1,449891903463.0,,45.0,0.0,
292,292,5410,Binder:5390_2,449891937630.0,,81.0,0.0,
293,293,5411,Binder:426_1,449892297755.0,,45.0,0.0,
294,294,161,kworker/3:1H,,,83.0,1.0,
295,295,5412,Binder:426_1,449892326380.0,,45.0,0.0,
296,296,5413,Binder:426_1,449892370380.0,,45.0,0.0,
297,297,5414,Binder:426_1,449892396380.0,,45.0,0.0,
298,298,1944,BG Thread #0,,,80.0,0.0,
299,299,5415,Binder:5390_3,449896768213.0,,81.0,0.0,
300,300,5416,sh,449896790296.0,,82.0,1.0,
301,301,5417,shell svc 5416,449897373921.0,,15.0,0.0,
302,302,1753,Jit thread pool,,,80.0,0.0,
303,303,1776,Profile Saver,,,80.0,0.0,
304,304,5418,RenderThread,449904407338.0,,41.0,0.0,
305,305,5419,Profile Saver,449916172755.0,,81.0,0.0,
306,306,142,kworker/2:1H,,,84.0,1.0,
307,307,1815,smartspace-load,,,50.0,0.0,
308,308,5420,GoogleApiHandle,449922502171.0,,81.0,0.0,
309,309,533,android.io,,,19.0,0.0,
310,310,981,AsyncTask #1,,,43.0,0.0,
311,311,688,Jit thread pool,,,43.0,0.0,
312,312,5421,Primes-init-1,449926467880.0,,81.0,0.0,
313,313,3393,Binder:950_F,,,53.0,0.0,
314,314,3968,Binder:514_18,,,19.0,0.0,
315,315,2031,Binder:1467_6,,,55.0,0.0,
316,316,5422,SharedPreferenc,449952956546.0,,81.0,0.0,
317,317,5423,IntentService[A,449953011463.0,,41.0,0.0,
318,318,5424,SharedPreferenc,449953388296.0,,81.0,0.0,
319,319,5425,SharedPreferenc,449957041921.0,,81.0,0.0,
320,320,1496,Binder:514_B,,,19.0,0.0,
321,321,5426,FileObserver,449969928380.0,,81.0,0.0,
322,322,5427,WifiManagerThre,449970307421.0,,81.0,0.0,
323,323,5428,SharedPreferenc,449974124963.0,,81.0,0.0,
324,324,614,ranker,,,19.0,0.0,
325,325,5429,IntentService[A,449979308338.0,,41.0,0.0,
326,326,5430,SharedPreferenc,449979412213.0,,81.0,0.0,
327,327,5431,measurement-1,449981589713.0,,81.0,0.0,
328,328,5432,queued-work-loo,449982243505.0,,81.0,0.0,
329,329,5433,IntentService[A,449984717046.0,,41.0,0.0,
330,330,970,Jit thread pool,,,53.0,0.0,
331,331,5205,lowpool[15],,,53.0,0.0,
332,332,1486,Binder:1467_2,,,55.0,0.0,
333,333,2394,lowpool[6],,,53.0,0.0,
334,334,1332,d.process.acore,,,85.0,1.0,
335,335,1806,,,,86.0,1.0,
336,336,5434,sh,450419650380.0,,87.0,1.0,
337,337,5435,shell svc 5434,450420188588.0,,15.0,0.0,
338,338,5436,IntentService[A,450836685130.0,,41.0,0.0,
339,339,5437,sh,450938620380.0,,88.0,1.0,
340,340,5438,shell svc 5437,450938944964.0,,15.0,0.0,
341,341,2962,GoogleApiHandle,,,89.0,0.0,
342,342,2796,gle.android.ims,,,89.0,1.0,
343,343,5439,sh,451469434547.0,,90.0,1.0,
344,344,5440,shell svc 5439,451469907172.0,,15.0,0.0,
345,345,1299,HwBinder:319_2,,,14.0,0.0,
346,346,524,HeapTaskDaemon,,,19.0,0.0,
347,347,5441,IntentService[A,451667004506.0,,41.0,0.0,
348,348,2152,Jit thread pool,,,52.0,0.0,
349,349,5442,Thread-12,451682717256.0,,41.0,0.0,
350,350,3027,Thread-5,,,77.0,0.0,
351,351,525,ReferenceQueueD,,,19.0,0.0,
352,352,3566,Binder:1380_C,,,91.0,0.0,
353,353,1400,Binder:1380_3,,,91.0,0.0,
354,354,1398,Binder:1380_1,,,91.0,0.0,
355,355,3697,Binder:3677_3,,,93.0,0.0,
356,356,4978,Binder:2123_8,,,52.0,0.0,
357,357,3306,Binder:2123_4,,,52.0,0.0,
358,358,2163,Binder:2123_3,,,52.0,0.0,
359,359,5260,Binder:2123_A,,,52.0,0.0,
360,360,2157,Binder:2123_1,,,52.0,0.0,
361,361,2478,Binder:2451_2,,,92.0,0.0,
362,362,3569,Binder:2796_7,,,89.0,0.0,
363,363,3817,Binder:1806_B,,,86.0,0.0,
364,364,1167,Binder:950_3,,,53.0,0.0,
365,365,2017,Binder:950_6,,,53.0,0.0,
366,366,980,Binder:950_2,,,53.0,0.0,
367,367,5259,Binder:2123_9,,,52.0,0.0,
368,368,4365,Binder:2123_5,,,52.0,0.0,
369,369,5261,Binder:1332_7,,,85.0,0.0,
370,370,1973,Binder:1424_4,,,36.0,0.0,
371,371,1401,Binder:1380_4,,,91.0,0.0,
372,372,3696,Binder:3677_2,,,93.0,0.0,
373,373,3695,Binder:3677_1,,,93.0,0.0,
374,374,5443,Binder:3677_4,451724341006.0,,93.0,0.0,
375,375,526,FinalizerDaemon,,,19.0,0.0,
376,376,527,FinalizerWatchd,,,19.0,0.0,
377,377,1440,Jit thread pool,,,36.0,0.0,
378,378,1380,gle.android.gms,,,91.0,1.0,
379,379,2451,,,,92.0,1.0,
380,380,3677,,,,93.0,1.0,
381,381,2653,Binder:1467_7,,,55.0,0.0,
382,382,2847,Binder:1467_9,,,55.0,0.0,
383,383,1945,Binder:1467_5,,,55.0,0.0,
384,384,3419,Binder:1467_E,,,55.0,0.0,
385,385,3420,Binder:1467_F,,,55.0,0.0,
386,386,1943,Binder:1467_4,,,55.0,0.0,
387,387,1485,Binder:1467_1,,,55.0,0.0,
388,388,2970,Binder:1467_A,,,55.0,0.0,
389,389,1524,Binder:1467_3,,,55.0,0.0,
390,390,2839,Binder:1467_8,,,55.0,0.0,
391,391,3050,Binder:1467_B,,,55.0,0.0,
392,392,3408,Binder:1467_D,,,55.0,0.0,
393,393,3282,Binder:1467_C,,,55.0,0.0,
394,394,3511,Binder:1467_10,,,55.0,0.0,
395,395,5444,sh,451989409464.0,,94.0,1.0,
396,396,5445,shell svc 5444,451989832797.0,,15.0,0.0,
397,397,5446,Binder:426_1,452496454048.0,,45.0,0.0,
398,398,5447,Binder:426_1,452496849881.0,,45.0,0.0,
399,399,5448,Binder:426_1,452496941464.0,,45.0,0.0,
400,400,5449,Binder:426_1,452497278756.0,,45.0,0.0,
401,401,5450,Binder:426_1,452497331173.0,,45.0,0.0,
402,402,5451,sh,452513582923.0,,95.0,1.0,
403,403,5452,shell svc 5451,452514080756.0,,15.0,0.0,
404,404,5453,RenderThread,452517479673.0,,41.0,0.0,
405,405,5454,IntentService[A,452549277339.0,,41.0,0.0,
406,406,5455,IntentService[A,452581595214.0,,41.0,0.0,
407,407,5456,IntentService[A,452599928423.0,,41.0,0.0,
408,408,752,Profile Saver,,,43.0,0.0,
409,409,4340,HeapTaskDaemon,,,41.0,0.0,
410,410,4341,ReferenceQueueD,,,41.0,0.0,
411,411,873,Binder:514_8,,,19.0,0.0,
412,412,3664,Binder:514_15,,,19.0,0.0,
413,413,1415,Binder:514_A,,,19.0,0.0,
414,414,1497,Binder:514_C,,,19.0,0.0,
415,415,4518,Binder:514_1B,,,19.0,0.0,
416,416,5056,Binder:1424_7,,,36.0,0.0,
417,417,2840,Binder:1424_6,,,36.0,0.0,
418,418,1445,Binder:1424_1,,,36.0,0.0,
419,419,2702,Binder:1424_5,,,36.0,0.0,
420,420,1448,Binder:1424_3,,,36.0,0.0,
421,421,5457,Binder:1424_8,452688259923.0,,36.0,0.0,
422,422,4342,FinalizerDaemon,,,41.0,0.0,
423,423,4343,FinalizerWatchd,,,41.0,0.0,
424,424,5308,pool-6-thread-1,,,,,
425,425,5204,pool-5-thread-1,,,,,
426,426,2619,UserFacingBlock,,,80.0,0.0,
427,427,4985,pool-4-thread-1,,,,,
428,428,1754,HeapTaskDaemon,,,80.0,0.0,
429,429,4714,pool-3-thread-1,,,,,
430,430,1755,ReferenceQueueD,,,80.0,0.0,
431,431,3881,Binder:1380_10,,,91.0,0.0,
432,432,2858,Binder:1380_9,,,91.0,0.0,
433,433,3656,Binder:1380_D,,,91.0,0.0,
434,434,1756,FinalizerDaemon,,,80.0,0.0,
435,435,2337,glide-active-re,,,80.0,0.0,
436,436,1757,FinalizerWatchd,,,80.0,0.0,
437,437,5458,sh,453037153923.0,,96.0,1.0,
438,438,5459,shell svc 5458,453037551923.0,,15.0,0.0,
439,439,5460,IntentService[A,453338322715.0,,41.0,0.0,
440,440,5461,sh,453558731340.0,,97.0,1.0,
441,441,5462,shell svc 5461,453559146381.0,,15.0,0.0,
442,442,587,AlarmManager,,,19.0,0.0,
443,443,5463,Thread-11,453852526840.0,,52.0,0.0,
444,444,4289,queued-work-loo,,,52.0,0.0,
445,445,5464,sh,454090311548.0,,98.0,1.0,
446,446,5465,shell svc 5464,454090838382.0,,15.0,0.0,
447,447,523,Jit thread pool,,,19.0,0.0,
448,448,5466,IntentService[A,454181462965.0,,41.0,0.0,
449,449,5467,Thread-13,454199413340.0,,41.0,0.0,
450,450,3029,Thread-6,,,77.0,0.0,
451,451,5468,sh,454610857715.0,,99.0,1.0,
452,452,5469,shell svc 5468,454611233507.0,,15.0,0.0,
453,453,5470,sh,455141484716.0,,100.0,1.0,
454,454,5471,shell svc 5470,455141977466.0,,15.0,0.0,
455,455,3823,glide-disk-cach,,,80.0,0.0,
456,456,2396,RenderThread,,,80.0,0.0,
457,457,439,libgoldfish-ril,,,101.0,1.0,
458,458,498,libgoldfish-ril,,,101.0,0.0,
459,459,1038,HwBinder:919_1,,,26.0,0.0,
460,460,494,libgoldfish-ril,,,101.0,0.0,
461,461,939,Jit thread pool,,,26.0,0.0,
462,462,5472,Binder:426_1,455664545257.0,,45.0,0.0,
463,463,5473,Binder:426_1,455664889841.0,,45.0,0.0,
464,464,5474,Binder:426_1,455664921382.0,,45.0,0.0,
465,465,5475,Binder:426_1,455665294882.0,,45.0,0.0,
466,466,5476,Binder:426_1,455665322799.0,,45.0,0.0,
467,467,5477,sh,455675148591.0,,102.0,1.0,
468,468,5478,shell svc 5477,455675639258.0,,15.0,0.0,
469,469,5479,RenderThread,455682382091.0,,41.0,0.0,
470,470,4357,AsyncQueryWorke,,,41.0,0.0,
471,471,5173,AsyncTask #5,,,41.0,0.0,
472,472,5480,AsyncTask #7,455728702174.0,,41.0,0.0,
473,473,1006,Binder:982_2,,,103.0,0.0,
474,474,982,id.ext.services,,,103.0,1.0,
475,475,1963,RenderThread,,,36.0,0.0,
476,476,1869,GoogleApiHandle,,,36.0,0.0,
477,477,1231,GoogleApiHandle,,,53.0,0.0,
478,478,2077,highpool[2],,,53.0,0.0,
479,479,2779,lowpool[7],,,91.0,0.0,
480,480,1872,highpool[0],,,91.0,0.0,
481,481,2468,highpool[3],,,91.0,0.0,
482,482,2526,lowpool[6],,,91.0,0.0,
483,483,4537,voice-control-1,,,36.0,0.0,
484,484,1870,AnrDetector,,,36.0,0.0,
485,485,2019,DecoderWrapper,,,36.0,0.0,
486,486,1453,Profile Saver,,,36.0,0.0,
487,487,1393,Jit thread pool,,,91.0,0.0,
488,488,4543,hwuiTask0,,,36.0,0.0,
489,489,1466,backup-0,,,19.0,0.0,
490,490,4545,InsetsAnimation,,,41.0,0.0,
491,491,971,HeapTaskDaemon,,,53.0,0.0,
492,492,1882,GoogleApiHandle,,,91.0,0.0,
493,493,4974,lowpool[14],,,53.0,0.0,
494,494,972,ReferenceQueueD,,,53.0,0.0,
495,495,5481,Binder:5390_4,455839274424.0,,81.0,0.0,
496,496,3882,Binder:2451_9,,,92.0,0.0,
497,497,3400,Binder:1380_B,,,91.0,0.0,
498,498,2819,Binder:2796_2,,,89.0,0.0,
499,499,3654,Binder:1806_A,,,86.0,0.0,
500,500,4187,Binder:1806_10,,,86.0,0.0,
501,501,974,FinalizerDaemon,,,53.0,0.0,
502,502,975,FinalizerWatchd,,,53.0,0.0,
503,503,5482,peration loader,455859171091.0,,91.0,0.0,
504,504,2160,GlobalScheduler,,,91.0,0.0,
505,505,5483,-Executor] idle,455860185258.0,,91.0,0.0,
506,506,5484,peration loader,455860518841.0,,53.0,0.0,
507,507,5485,IntentService[D,455861921549.0,,91.0,0.0,
508,508,1200,GlobalScheduler,,,53.0,0.0,
509,509,5486,-Executor] idle,455862917091.0,,53.0,0.0,
510,510,4608,HWC release,,,43.0,0.0,
511,511,1015,Profile Saver,,,53.0,0.0,
512,512,5487,Binder:5390_5,456046739466.0,,81.0,0.0,
513,513,5488,sh,456195606549.0,,104.0,1.0,
514,514,5489,shell svc 5488,456196956508.0,,15.0,0.0,
515,515,586,SettingsProvide,,,19.0,0.0,
516,516,1071,VolumeDialogCon,,,43.0,0.0,
517,517,891,Binder:385_4,,,49.0,0.0,
518,518,5490,Thread-30,456234564549.0,,19.0,0.0,
519,519,1358,NetworkMonitor/,,,105.0,0.0,
520,520,844,,,,105.0,1.0,
521,521,548,FileObserver,,,19.0,0.0,
522,522,5491,sh,456731644175.0,,106.0,1.0,
523,523,5492,shell svc 5491,456732285300.0,,15.0,0.0,
524,524,5493,sh,457260215758.0,,107.0,1.0,
525,525,5494,shell svc 5493,457260706092.0,,15.0,0.0,
526,526,5495,sh,457781780717.0,,108.0,1.0,
527,527,5496,shell svc 5495,457782141467.0,,15.0,0.0,
528,528,5497,Binder:426_1,458038202425.0,,45.0,0.0,
529,529,5498,Binder:426_1,458038301092.0,,45.0,0.0,
530,530,5499,Binder:426_1,458038338550.0,,45.0,0.0,
531,531,5500,Binder:426_1,458041213425.0,,45.0,0.0,
532,532,5501,Binder:426_1,458041269384.0,,45.0,0.0,
533,533,1091,Binder:1067_1,,,50.0,0.0,
534,534,1441,HeapTaskDaemon,,,36.0,0.0,
535,535,5502,IntentService[A,458068410134.0,,41.0,0.0,
536,536,5503,Thread-14,458080167009.0,,41.0,0.0,
537,537,1726,Thread-3,,,77.0,0.0,
538,538,4630,Binder:4326_7,,,41.0,0.0,
539,539,1758,Binder:1737_1,,,80.0,0.0,
540,540,2973,Binder:1737_8,,,80.0,0.0,
541,541,2842,Binder:1737_7,,,80.0,0.0,
542,542,1765,Binder:1737_3,,,80.0,0.0,
543,543,5504,Binder:4326_D,458094133675.0,,41.0,0.0,
544,544,1891,ExUtils-P10-1,,,36.0,0.0,
545,545,4477,,,,111.0,1.0,
546,546,2044,,,,110.0,1.0,
547,547,1168,,,,109.0,1.0,
548,548,5505,sh,458299925384.0,,112.0,1.0,
549,549,5506,shell svc 5505,458300361759.0,,15.0,0.0,
550,550,5507,sh,458828600176.0,,113.0,1.0,
551,551,5508,shell svc 5507,458829190217.0,,15.0,0.0,
552,552,4691,DISK_1,,,78.0,0.0,
553,553,4701,DISK_2,,,78.0,0.0,
554,554,4692,Thread-16,,,78.0,0.0,
555,555,4702,DISK_3,,,78.0,0.0,
556,556,4680,BACKGROUND_1,,,78.0,0.0,
557,557,4671,DISK_0,,,78.0,0.0,
558,558,4700,BACKGROUND_6,,,78.0,0.0,
559,559,4654,Jit thread pool,,,78.0,0.0,
560,560,5509,AlertService,459130416342.0,,41.0,0.0,
561,561,5510,pool-7-thread-1,459136408384.0,,41.0,0.0,
562,562,4683,BACKGROUND_3,,,78.0,0.0,
563,563,4704,API_0,,,78.0,0.0,
564,564,4713,pool-3-thread-1,,,103.0,0.0,
565,565,4717,api-3-2,,,78.0,0.0,
566,566,4677,database-1-0,,,78.0,0.0,
567,567,4678,sql-2-0,,,78.0,0.0,
568,568,4681,BACKGROUND_2,,,78.0,0.0,
569,569,4707,BACKGROUND_7,,,78.0,0.0,
570,570,4689,BACKGROUND_4,,,78.0,0.0,
571,571,615,notification-sq,,,19.0,0.0,
572,572,1137,launcher-loader,,,50.0,0.0,
573,573,4655,HeapTaskDaemon,,,78.0,0.0,
574,574,4656,ReferenceQueueD,,,78.0,0.0,
575,575,2162,Binder:2123_2,,,52.0,0.0,
576,576,3355,Binder:514_13,,,19.0,0.0,
577,577,529,Binder:514_2,,,19.0,0.0,
578,578,1226,Binder:514_9,,,19.0,0.0,
579,579,1507,Binder:514_D,,,19.0,0.0,
580,580,3732,Binder:514_16,,,19.0,0.0,
581,581,1508,Binder:514_E,,,19.0,0.0,
582,582,4657,FinalizerDaemon,,,78.0,0.0,
583,583,5511,Binder:2123_B,459146370051.0,,52.0,0.0,
584,584,4658,FinalizerWatchd,,,78.0,0.0,
585,585,4690,BACKGROUND_5,,,78.0,0.0,
586,586,4669,queued-work-loo,,,78.0,0.0,
587,587,4663,GoogleApiHandle,,,78.0,0.0,
588,588,1661,Thread-2,,,43.0,0.0,
589,589,5512,sh,459351423634.0,,114.0,1.0,
590,590,5513,shell svc 5512,459351711218.0,,15.0,0.0,
591,591,5514,NotificationPla,459361446509.0,,43.0,0.0,
592,592,5515,Thread-8,459362201718.0,,43.0,0.0,
593,593,476,Binder:432_1,,,116.0,0.0,
594,594,5516,MediaClock,459363977926.0,,116.0,0.0,
595,595,5517,NuPlayerDriver ,459364150468.0,,116.0,0.0,
596,596,475,HwBinder:435_2,,,115.0,0.0,
597,597,499,HwBinder:442_1,,,117.0,0.0,
598,598,5518,generic,459368586384.0,,116.0,0.0,
599,599,3807,Binder:421_2,,,119.0,0.0,
600,600,694,Binder:429_2,,,118.0,0.0,
601,601,695,Binder:429_3,,,118.0,0.0,
602,602,5519,SetSubtitleAnch,459372101009.0,,43.0,0.0,
603,603,568,Binder:431_6,,,70.0,0.0,
604,604,435,,,,115.0,1.0,
605,605,432,,,,116.0,1.0,
606,606,442,mediaswcodec,,,117.0,1.0,
607,607,429,mediaextractor,,,118.0,1.0,
608,608,421,,,,119.0,1.0,
609,609,1273,hwuiTask0,,,43.0,0.0,
610,610,5520,Binder:426_1,459448263718.0,,45.0,0.0,
611,611,5521,Binder:426_1,459448379926.0,,45.0,0.0,
612,612,5522,Binder:426_1,459448419343.0,,45.0,0.0,
613,613,5523,Binder:426_1,459449517593.0,,45.0,0.0,
614,614,5524,Binder:426_1,459449542384.0,,45.0,0.0,
615,615,5525,RenderThread,459465488176.0,,41.0,0.0,
616,616,5526,AsyncTask #8,459496330801.0,,41.0,0.0,
617,617,1402,Profile Saver,,,91.0,0.0,
618,618,4544,hwuiTask1,,,36.0,0.0,
619,619,5527,sh,459871555093.0,,120.0,1.0,
620,620,5528,shell svc 5527,459871846010.0,,15.0,0.0,
621,621,5529,NuPlayerRendere,459874640551.0,,116.0,0.0,
622,622,5530,NPDecoder,459875383968.0,,116.0,0.0,
623,623,5531,NPDecoder-CL,459875404385.0,,116.0,0.0,
624,624,4735,CCodecWatchdog,,,116.0,0.0,
625,625,5532,.vorbis.decoder,459877316301.0,,117.0,0.0,
626,626,1019,HwBinder:442_3,,,117.0,0.0,
627,627,500,HwBinder:442_2,,,117.0,0.0,
628,628,4737,NPDecoder-CL,,,116.0,0.0,
629,629,734,HwBinder:432_3,,,116.0,0.0,
630,630,893,mediaswcodec,,,117.0,0.0,
631,631,5216,HwBinder:432_6,,,116.0,0.0,
632,632,4739,Binder:982_4,,,103.0,0.0,
633,633,467,Binder:385_2,,,49.0,0.0,
634,634,5533,Thread-31,460134147010.0,,19.0,0.0,
635,635,4740,Binder:385_6,,,49.0,0.0,
636,636,1560,Binder:385_5,,,49.0,0.0,
637,637,563,Binder:385_3,,,49.0,0.0,
638,638,5534,sh,460392809510.0,,121.0,1.0,
639,639,5535,shell svc 5534,460393364218.0,,15.0,0.0,
640,640,5536,sh,460927156052.0,,122.0,1.0,
641,641,5537,shell svc 5536,460927748843.0,,15.0,0.0,
642,642,5538,NotificationPla,461081114218.0,,43.0,0.0,
643,643,566,Binder:431_5,,,70.0,0.0,
644,644,5539,NPDecoder-CL,461082921093.0,,116.0,0.0,
645,645,4736,NPDecoder-CL,,,116.0,0.0,
646,646,1134,HwBinder:442_7,,,117.0,0.0,
647,647,4748,HwBinder:432_4,,,116.0,0.0,
648,648,90,ion_system_heap,,,123.0,1.0,
649,649,887,mediaswcodec,,,117.0,0.0,
650,650,4727,Binder:429_4,,,118.0,0.0,
651,651,1274,hwuiTask1,,,43.0,0.0,
652,652,5540,IntentService[D,461129689343.0,,91.0,0.0,
653,653,5541,-Executor] idle,461129993010.0,,91.0,0.0,
654,654,5542,sh,461448655260.0,,124.0,1.0,
655,655,5543,shell svc 5542,461449010344.0,,15.0,0.0,
656,656,5544,sh,461978021344.0,,125.0,1.0,
657,657,5545,shell svc 5544,461978477177.0,,15.0,0.0,
658,658,5546,Binder:426_1,462114549761.0,,45.0,0.0,
659,659,5547,Binder:426_1,462115011094.0,,45.0,0.0,
660,660,5548,Binder:426_1,462115049427.0,,45.0,0.0,
661,661,5549,Binder:426_1,462115181761.0,,45.0,0.0,
662,662,5550,Binder:426_1,462115233594.0,,45.0,0.0,
663,663,5551,IntentService[A,462140255594.0,,41.0,0.0,
664,664,5552,Thread-15,462150405052.0,,41.0,0.0,
665,665,5553,sh,462498569011.0,,126.0,1.0,
666,666,5554,shell svc 5553,462499009302.0,,15.0,0.0,
667,667,5555,sh,463031815761.0,,127.0,1.0,
668,668,5556,shell svc 5555,463032327219.0,,15.0,0.0,
669,669,416,traced_probes,,,16.0,0.0,
670,670,427,traced,,,17.0,0.0,
671,671,5557,sh,463560727386.0,,128.0,1.0,
672,672,5558,shell svc 5557,463561157636.0,,15.0,0.0,
673,673,3919,NetworkMonitor/,,,105.0,0.0,
674,674,860,Jit thread pool,,,105.0,0.0,
675,675,892,Profile Saver,,,105.0,0.0,
676,676,537,watchdog,,,19.0,0.0,
677,677,201,Binder:201_2,,,130.0,1.0,
678,678,5559,sh,464086645720.0,,129.0,1.0,
679,679,5560,shell svc 5559,464087090470.0,,15.0,0.0,
680,680,4668,BACKGROUND_0,,,78.0,0.0,
681,681,4719,api-3-3,,,78.0,0.0,
682,682,5561,pool-8-thread-1,464162019637.0,,41.0,0.0,
683,683,5562,Thread-12,464163140012.0,,52.0,0.0,
684,684,4763,android.bg,,,52.0,0.0,
685,685,5563,NotificationPla,464389075178.0,,43.0,0.0,
686,686,5564,Thread-9,464389206178.0,,43.0,0.0,
687,687,5565,MediaClock,464392991012.0,,116.0,0.0,
688,688,5566,NuPlayerDriver ,464393049928.0,,116.0,0.0,
689,689,5567,generic,464396726178.0,,116.0,0.0,
690,690,5568,SetSubtitleAnch,464428247762.0,,43.0,0.0,
691,691,5569,sh,464605897928.0,,131.0,1.0,
692,692,5570,shell svc 5569,464606197178.0,,15.0,0.0,
693,693,5571,NuPlayerRendere,464933073929.0,,116.0,0.0,
694,694,5572,NPDecoder,464933943679.0,,116.0,0.0,
695,695,5573,NPDecoder-CL,464933974262.0,,116.0,0.0,
696,696,5574,.vorbis.decoder,464934899887.0,,117.0,0.0,
697,697,724,HwBinder:432_1,,,116.0,0.0,
698,698,725,HwBinder:432_2,,,116.0,0.0,
699,699,4934,HwBinder:432_5,,,116.0,0.0,
700,700,5575,HwBinder:432_7,464962702512.0,,116.0,0.0,
701,701,5576,sh,465124919470.0,,132.0,1.0,
702,702,5577,shell svc 5576,465125285929.0,,15.0,0.0,
703,703,5578,sh,465653038971.0,,133.0,1.0,
704,704,5579,shell svc 5578,465653459679.0,,15.0,0.0,
705,705,332,netd,,,54.0,0.0,
706,706,5580,IntentService[D,465904652596.0,,91.0,0.0,
707,707,5581,sh,466177221429.0,,134.0,1.0,
708,708,5582,shell svc 5581,466178787263.0,,15.0,0.0,
709,709,5583,sh,466710194388.0,,135.0,1.0,
710,710,5584,shell svc 5583,466710826346.0,,15.0,0.0,
711,711,1442,ReferenceQueueD,,,36.0,0.0,
712,712,1443,FinalizerDaemon,,,36.0,0.0,
713,713,1444,FinalizerWatchd,,,36.0,0.0,
714,714,5585,NPDecoder-CL,467210558221.0,,116.0,0.0,
715,715,5586,sh,467232801596.0,,136.0,1.0,
716,716,5587,shell svc 5586,467233232596.0,,15.0,0.0,
717,717,5588,sh,467762713888.0,,137.0,1.0,
718,718,5589,shell svc 5588,467763208763.0,,15.0,0.0,
719,719,5590,sh,468292781222.0,,138.0,1.0,
720,720,5591,shell svc 5590,468293303222.0,,15.0,0.0,
721,721,5592,sh,468822817347.0,,139.0,1.0,
722,722,5593,shell svc 5592,468823364055.0,,15.0,0.0,
723,723,5594,Thread-13,469127218972.0,,52.0,0.0,
724,724,4660,Binder:4639_2,,,78.0,0.0,
725,725,4706,Binder:4639_4,,,78.0,0.0,
726,726,4661,Binder:4639_3,,,78.0,0.0,
727,727,4659,Binder:4639_1,,,78.0,0.0,
728,728,4918,Binder:4639_5,,,78.0,0.0,
729,729,5057,Binder:4639_7,,,78.0,0.0,
730,730,5595,Binder:4639_9,469167062472.0,,78.0,0.0,
731,731,5596,Binder:4326_E,469167104472.0,,41.0,0.0,
732,732,1000,Jit thread pool,,,103.0,0.0,
733,733,1011,Profile Saver,,,103.0,0.0,
734,734,214,kworker/u9:1,,,140.0,1.0,
735,735,5597,sh,469345286847.0,,141.0,1.0,
736,736,5598,shell svc 5597,469345682889.0,,15.0,0.0,
737,737,5599,NotificationPla,469414924722.0,,43.0,0.0,
738,738,5600,Thread-10,469415054722.0,,43.0,0.0,
739,739,5601,MediaClock,469416120764.0,,116.0,0.0,
740,740,5602,NuPlayerDriver ,469416174514.0,,116.0,0.0,
741,741,5603,generic,469418973806.0,,116.0,0.0,
742,742,5604,SetSubtitleAnch,469422538347.0,,43.0,0.0,
743,743,673,Jit thread pool,,,20.0,0.0,
744,744,5605,sh,469875953848.0,,142.0,1.0,
745,745,5606,shell svc 5605,469876502223.0,,15.0,0.0,
746,746,5607,NuPlayerRendere,469926484056.0,,116.0,0.0,
747,747,5608,NPDecoder,469927676056.0,,116.0,0.0,
748,748,5609,NPDecoder-CL,469927717681.0,,116.0,0.0,
749,749,5610,.vorbis.decoder,469929163973.0,,117.0,0.0,
750,750,2188,Profile Saver,,,52.0,0.0,
751,751,5611,UserFacingBlock,470203801223.0,,80.0,0.0,
752,752,5612,sh,470406934431.0,,143.0,1.0,
753,753,5613,shell svc 5612,470407369848.0,,15.0,0.0,
754,754,5614,sh,470936852765.0,,144.0,1.0,
755,755,5615,shell svc 5614,470937292181.0,,15.0,0.0,
756,756,5616,sh,471468657015.0,,145.0,1.0,
757,757,5617,shell svc 5616,471469188723.0,,15.0,0.0,
758,758,5618,sh,472000634265.0,,146.0,1.0,
759,759,5619,shell svc 5618,472001210349.0,,15.0,0.0,
760,760,5620,NPDecoder-CL,472192946432.0,,116.0,0.0,
761,761,1032,HwBinder:442_4,,,117.0,0.0,
762,762,5621,sh,472537107807.0,,147.0,1.0,
763,763,5622,shell svc 5621,472537638391.0,,15.0,0.0,
764,764,5623,sh,473068098224.0,,148.0,1.0,
765,765,5624,shell svc 5623,473068620099.0,,15.0,0.0,
766,766,198,qemu-props,,,149.0,1.0,
767,767,5625,sh,473602941683.0,,150.0,1.0,
768,768,5626,shell svc 5625,473603510183.0,,15.0,0.0,
769,769,5627,sh,474136519266.0,,151.0,1.0,
770,770,5628,shell svc 5627,474137086808.0,,15.0,0.0,
771,771,1394,HeapTaskDaemon,,,91.0,0.0,
